"DESCRIPTION","DURATION IN MS","NAME","PARENT SUITE","START TIME","STATUS","STOP TIME","SUB SUITE","SUITE","TEST CLASS","TEST METHOD"
"","319","test_multiple_items_in_cart[chromium]","tests","2026-10-02","passed","2026-10-02","TestCart","test_cart","",""
"","297","test_sort_by_price_low_to_high[webkit]","tests","2026-10-02","passed","2026-10-02","TestInventory","test_inventory","",""
"","110","test_missing_first_name_shows_error[chromium]","tests","2026-10-02","passed","2026-10-02","TestCheckout","test_checkout","",""
"Data-driven validation — demonstrates pytest.mark.parametrize.","784","test_checkout_form_validation[firefox--Smith-98101-First Name is required]","tests","2026-10-02","passed","2026-10-02","","test_checkout","",""
"Data-driven validation — demonstrates pytest.mark.parametrize.","617","test_checkout_form_validation[webkit-Jane-Smith--Postal Code is required]","tests","2026-10-02","passed","2026-10-02","","test_checkout","",""
"","547","test_multiple_items_in_cart[firefox]","tests","2026-10-02","passed","2026-10-02","TestCart","test_cart","",""
"","99","test_missing_postal_code_shows_error[chromium]","tests","2026-10-02","passed","2026-10-02","TestCheckout","test_checkout","",""
"","166","test_checkout_shows_order_total[firefox]","tests","2026-10-02","passed","2026-10-02","TestCheckout","test_checkout","",""
"","512","test_continue_shopping_returns_to_inventory[firefox]","tests","2026-10-02","passed","2026-10-02","TestCart","test_cart","",""
"","436","test_locked_user_sees_error[firefox]","tests","2026-10-02","passed","2026-10-02","TestLogin","test_auth","",""
"","218","test_invalid_credentials_show_error[chromium]","tests","2026-10-02","passed","2026-10-02","TestLogin","test_auth","",""
"Data-driven validation — demonstrates pytest.mark.parametrize.","452","test_checkout_form_validation[chromium--Smith-98101-First Name is required]","tests","2026-10-02","passed","2026-10-02","","test_checkout","",""
"","512","test_sort_alphabetically_a_to_z[firefox]","tests","2026-10-02","passed","2026-10-02","TestInventory","test_inventory","",""
"","270","test_sort_by_price_low_to_high[chromium]","tests","2026-10-02","passed","2026-10-02","TestInventory","test_inventory","",""
"Data-driven validation — demonstrates pytest.mark.parametrize.","816","test_checkout_form_validation[firefox-Jane--98101-Last Name is required]","tests","2026-10-02","passed","2026-10-02","","test_checkout","",""
"","314","test_remove_item_from_cart[chromium]","tests","2026-10-02","passed","2026-10-02","TestCart","test_cart","",""
"","491","test_multiple_items_in_cart[webkit]","tests","2026-10-02","passed","2026-10-02","TestCart","test_cart","",""
"","1034","test_empty_username_shows_error[firefox]","tests","2026-10-02","passed","2026-10-02","TestLogin","test_auth","",""
"","154","test_all_six_products_displayed[chromium]","tests","2026-10-02","passed","2026-10-02","TestInventory","test_inventory","",""
"Data-driven validation — demonstrates pytest.mark.parametrize.","462","test_checkout_form_validation[chromium-Jane--98101-Last Name is required]","tests","2026-10-02","passed","2026-10-02","","test_checkout","",""
"","223","test_empty_password_shows_error[chromium]","tests","2026-10-02","passed","2026-10-02","TestLogin","test_auth","",""
"","791","test_empty_username_shows_error[webkit]","tests","2026-10-02","passed","2026-10-02","TestLogin","test_auth","",""
"","1095","test_standard_user_can_login[firefox]","tests","2026-10-02","passed","2026-10-02","TestLogin","test_auth","",""
"","312","test_all_six_products_displayed[webkit]","tests","2026-10-02","passed","2026-10-02","TestInventory","test_inventory","",""
"Data-driven validation — demonstrates pytest.mark.parametrize.","642","test_checkout_form_validation[firefox-Jane-Smith--Postal Code is required]","tests","2026-10-02","passed","2026-10-02","","test_checkout","",""
"","421","test_all_six_products_displayed[firefox]","tests","2026-10-02","passed","2026-10-02","TestInventory","test_inventory","",""
"","467","test_empty_password_shows_error[firefox]","tests","2026-10-02","passed","2026-10-02","TestLogin","test_auth","",""
"Data-driven validation — demonstrates pytest.mark.parametrize.","402","test_checkout_form_validation[chromium-Jane-Smith--Postal Code is required]","tests","2026-10-02","passed","2026-10-02","","test_checkout","",""
"","473","test_continue_shopping_returns_to_inventory[webkit]","tests","2026-10-02","passed","2026-10-02","TestCart","test_cart","",""
"","530","test_remove_item_updates_cart_badge[firefox]","tests","2026-10-02","passed","2026-10-02","TestInventory","test_inventory","",""
"","448","test_remove_item_updates_cart_badge[webkit]","tests","2026-10-02","passed","2026-10-02","TestInventory","test_inventory","",""
"","500","test_sort_by_price_low_to_high[firefox]","tests","2026-10-02","passed","2026-10-02","TestInventory","test_inventory","",""
"","121","test_missing_postal_code_shows_error[webkit]","tests","2026-10-02","passed","2026-10-02","TestCheckout","test_checkout","",""
"","507","test_add_item_updates_cart_badge[firefox]","tests","2026-10-02","passed","2026-10-02","TestInventory","test_inventory","",""
"","156","test_missing_last_name_shows_error[firefox]","tests","2026-10-02","passed","2026-10-02","TestCheckout","test_checkout","",""
"","252","test_sort_by_price_high_to_low[chromium]","tests","2026-10-02","passed","2026-10-02","TestInventory","test_inventory","",""
"","165","test_complete_checkout_happy_path[chromium]","tests","2026-10-02","passed","2026-10-02","TestCheckout","test_checkout","",""
"","385","test_standard_user_can_login[chromium]","tests","2026-10-02","passed","2026-10-02","TestLogin","test_auth","",""
"","345","test_sort_by_price_high_to_low[webkit]","tests","2026-10-02","passed","2026-10-02","TestInventory","test_inventory","",""
"","261","test_complete_checkout_happy_path[firefox]","tests","2026-10-02","passed","2026-10-02","TestCheckout","test_checkout","",""
"","424","test_empty_password_shows_error[webkit]","tests","2026-10-02","passed","2026-10-02","TestLogin","test_auth","",""
"","270","test_continue_shopping_returns_to_inventory[chromium]","tests","2026-10-02","passed","2026-10-02","TestCart","test_cart","",""
"","136","test_checkout_shows_order_total[webkit]","tests","2026-10-02","passed","2026-10-02","TestCheckout","test_checkout","",""
"","271","test_add_multiple_items_updates_cart_count[chromium]","tests","2026-10-02","passed","2026-10-02","TestInventory","test_inventory","",""
"","434","test_remove_item_from_cart[webkit]","tests","2026-10-02","passed","2026-10-02","TestCart","test_cart","",""
"","309","test_added_item_appears_in_cart[chromium]","tests","2026-10-02","passed","2026-10-02","TestCart","test_cart","",""
"","475","test_add_multiple_items_updates_cart_count[webkit]","tests","2026-10-02","passed","2026-10-02","TestInventory","test_inventory","",""
"","1609","test_user_can_logout[webkit]","tests","2026-10-02","passed","2026-10-02","TestLogout","test_auth","",""
"","418","test_inventory_page_loads[firefox]","tests","2026-10-02","passed","2026-10-02","TestInventory","test_inventory","",""
"Data-driven validation — demonstrates pytest.mark.parametrize.","612","test_checkout_form_validation[webkit-Jane--98101-Last Name is required]","tests","2026-10-02","passed","2026-10-02","","test_checkout","",""
"","200","test_inventory_page_loads[chromium]","tests","2026-10-02","passed","2026-10-02","TestInventory","test_inventory","",""
"","379","test_locked_user_sees_error[webkit]","tests","2026-10-02","passed","2026-10-02","TestLogin","test_auth","",""
"","459","test_added_item_appears_in_cart[webkit]","tests","2026-10-02","passed","2026-10-02","TestCart","test_cart","",""
"","786","test_standard_user_can_login[webkit]","tests","2026-10-02","passed","2026-10-02","TestLogin","test_auth","",""
"","138","test_missing_first_name_shows_error[webkit]","tests","2026-10-02","passed","2026-10-02","TestCheckout","test_checkout","",""
"","487","test_sort_by_price_high_to_low[firefox]","tests","2026-10-02","passed","2026-10-02","TestInventory","test_inventory","",""
"","260","test_locked_user_sees_error[chromium]","tests","2026-10-02","passed","2026-10-02","TestLogin","test_auth","",""
"","655","test_remove_item_from_cart[firefox]","tests","2026-10-02","passed","2026-10-02","TestCart","test_cart","",""
"","150","test_missing_first_name_shows_error[firefox]","tests","2026-10-02","passed","2026-10-02","TestCheckout","test_checkout","",""
"","481","test_added_item_appears_in_cart[firefox]","tests","2026-10-02","passed","2026-10-02","TestCart","test_cart","",""
"","395","test_add_item_updates_cart_badge[webkit]","tests","2026-10-02","passed","2026-10-02","TestInventory","test_inventory","",""
"","265","test_remove_item_updates_cart_badge[chromium]","tests","2026-10-02","passed","2026-10-02","TestInventory","test_inventory","",""
"","101","test_checkout_shows_order_total[chromium]","tests","2026-10-02","passed","2026-10-02","TestCheckout","test_checkout","",""
"","281","test_add_item_updates_cart_badge[chromium]","tests","2026-10-02","passed","2026-10-02","TestInventory","test_inventory","",""
"","238","test_inventory_page_loads[webkit]","tests","2026-10-02","passed","2026-10-02","TestInventory","test_inventory","",""
"Data-driven validation — demonstrates pytest.mark.parametrize.","616","test_checkout_form_validation[webkit--Smith-98101-First Name is required]","tests","2026-10-02","passed","2026-10-02","","test_checkout","",""
"","136","test_missing_postal_code_shows_error[firefox]","tests","2026-10-02","passed","2026-10-02","TestCheckout","test_checkout","",""
"","1374","test_user_can_logout[firefox]","tests","2026-10-02","passed","2026-10-02","TestLogout","test_auth","",""
"","361","test_sort_alphabetically_a_to_z[webkit]","tests","2026-10-02","passed","2026-10-02","TestInventory","test_inventory","",""
"","454","test_invalid_credentials_show_error[firefox]","tests","2026-10-02","passed","2026-10-02","TestLogin","test_auth","",""
"","135","test_missing_last_name_shows_error[webkit]","tests","2026-10-02","passed","2026-10-02","TestCheckout","test_checkout","",""
"","259","test_complete_checkout_happy_path[webkit]","tests","2026-10-02","passed","2026-10-02","TestCheckout","test_checkout","",""
"","381","test_empty_username_shows_error[chromium]","tests","2026-10-02","passed","2026-10-02","TestLogin","test_auth","",""
"","253","test_sort_alphabetically_a_to_z[chromium]","tests","2026-10-02","passed","2026-10-02","TestInventory","test_inventory","",""
"","1121","test_user_can_logout[chromium]","tests","2026-10-02","passed","2026-10-02","TestLogout","test_auth","",""
"","103","test_missing_last_name_shows_error[chromium]","tests","2026-10-02","passed","2026-10-02","TestCheckout","test_checkout","",""
"","557","test_add_multiple_items_updates_cart_count[firefox]","tests","2026-10-02","passed","2026-10-02","TestInventory","test_inventory","",""
"","362","test_invalid_credentials_show_error[webkit]","tests","2026-10-02","passed","2026-10-02","TestLogin","test_auth","",""
